{
  "AUROC": 0.940837009718153,
  "AUPRC": 0.9508171157147218,
  "Brier": 0.10052916014623206,
  "ConfusionMatrix@0.5": [
    [
      13704,
      1892
    ],
    [
      3191,
      15887
    ]
  ]
}